model_name,engine_type,engine_power,max_speed,cruise_speed,stall_speed,fuel_tank,all_eng_roc,out_eng_roc,takeoff_distance,landing_distance,empty_weight,length,wing_span,range,price
100 Darter (S.L. Industries),Piston,145.0,104.0,91.0,46.0,36.0,450.0,900.0,1300.0,2050.0,1180.0,303.0,449.0,370.0,1300000.0
7 CCM Champ,Piston,85.0,89.0,83.0,44.0,15.0,600.0,720.0,800.0,1350.0,820.0,247.0,433.0,190.0,1230000.0
100 Darter (S.L. Industries),Piston,90.0,90.0,78.0,37.0,19.0,650.0,475.0,850.0,1300.0,810.0,257.0,420.0,210.0,1600000.0
7 AC Champ,Piston,85.0,88.0,78.0,37.0,19.0,620.0,500.0,850.0,1300.0,800.0,257.0,420.0,210.0,1300000.0
100 Darter (S.L. Industries),Piston,65.0,83.0,74.0,33.0,14.0,370.0,632.0,885.0,1220.0,740.0,257.0,420.0,175.0,1250000.0
PA-60-700P Aerostar (preliminary),Piston,65.0,78.0,72.0,33.0,15.0,360.0,583.0,880.0,1250.0,786.0,244.0,433.0,180.0,1100000.0
"PA-601P pressurized Aerostar ('77 service ceiling=26,350)",Piston,350.0,264.0,230.0,80.0,165.0,1820.0,3080.0,2100.0,6315.0,4275.0,418.0,440.0,868.0,2500000.0
100 Darter (S.L. Industries),Piston,290.0,262.0,247.0,77.0,165.0,1755.0,2250.0,2076.0,6000.0,4125.0,417.0,439.0,1020.0,2800000.0
"PA-601, 601A, turbochg Aerostar",Piston,290.0,257.0,235.0,77.0,165.0,1460.0,2490.0,2030.0,6000.0,4056.0,418.0,440.0,1101.0,2500000.0
100 Darter (S.L. Industries),Piston,290.0,257.0,237.0,77.0,165.0,1460.0,2490.0,2030.0,6000.0,3958.0,418.0,440.0,1174.0,3000000.0
G164B-600 AG-CAT (design category) sprayer,Piston,290.0,271.0,236.0,69.0,174.0,1700.0,2200.0,1625.0,5700.0,3750.0,418.0,410.0,1174.0,3010000.0
100 Darter (S.L. Industries),Piston,290.0,220.0,212.0,74.0,165.0,1800.0,1950.0,1840.0,5500.0,3737.0,418.0,410.0,1200.0,2120000.0
G164A-300 AG CAT,Piston,600.0,177.0,100.0,52.0,64.0,1360.0,1050.0,1150.0,5200.0,3650.0,306.0,509.0,200.0,
100 Darter (S.L. Industries),Piston,600.0,128.0,96.0,59.0,46.0,1600.0,860.0,770.0,4500.0,3160.0,292.0,431.0,148.0,1450000.0
G164A-245 AG CAT,Piston,525.0,128.0,91.0,52.0,46.0,1350.0,1706.0,540.0,567.0,4500.0,337.0,507.0,155.0,
A-2,Piston,450.0,128.0,91.0,52.0,46.0,1060.0,1090.0,1150.0,4500.0,3100.0,307.0,507.0,190.0,1450000.0
100 Darter (S.L. Industries),Piston,450.0,128.0,91.0,58.0,46.0,990.0,1145.0,750.0,4500.0,2870.0,292.0,431.0,190.0,1400000.0
415-G,Piston,300.0,128.0,74.0,54.0,46.0,700.0,1200.0,1000.0,3750.0,2410.0,292.0,428.0,226.0,1150000.0
CH-601-XL/i/650-LS/i,Piston,275.0,114.0,74.0,54.0,33.0,600.0,1275.0,1000.0,3750.0,2400.0,292.0,428.0,117.0,1025000.0
8KCAB-150 F/P prop(w/optional speed kit),Piston,245.0,114.0,70.0,54.0,33.0,496.0,1300.0,1000.0,3750.0,2300.0,292.0,428.0,174.0,850000.0
7KCAB,Piston,220.0,114.0,70.0,48.0,33.0,435.0,1360.0,1000.0,3600.0,2200.0,292.0,428.0,190.0,700000.0
7GCAA,Piston,90.0,112.0,108.0,37.0,24.0,640.0,1100.0,1200.0,1450.0,930.0,242.0,360.0,410.0,1730000.0
100 Darter (S.L. Industries),Piston,90.0,113.0,104.0,50.0,24.0,600.0,1800.0,1600.0,1400.0,900.0,241.0,360.0,400.0,1600000.0
7GCBC with EDO floats,Piston,85.0,99.0,96.0,50.0,24.0,550.0,2100.0,1850.0,1400.0,833.0,241.0,360.0,360.0,1350000.0
7EC,Piston,100.0,120.0,113.0,38.0,30.0,1000.0,1706.0,1525.0,1320.0,770.0,240.0,324.0,715.0,1200000.0
Starship 2000 (2000A=increased spds & weights),Piston,150.0,147.0,137.0,52.0,40.0,1000.0,1706.0,1525.0,1800.0,1260.0,275.0,384.0,404.0,1600000.0
King Air 260,Piston,150.0,116.0,109.0,43.0,39.0,1120.0,535.0,755.0,1650.0,1140.0,271.0,413.0,411.0,1700000.0
B200 Super King Air,Piston,150.0,109.0,103.0,37.0,37.0,1140.0,617.0,718.0,1650.0,1050.0,273.0,413.0,411.0,1810000.0
100 Darter (S.L. Industries),Piston,150.0,113.0,109.0,43.0,39.0,1120.0,535.0,755.0,1650.0,1140.0,272.0,401.0,411.0,1700000.0
"B100 King Air (prior '79 serv. ceiling=29,100)",Piston,150.0,113.0,111.0,39.0,35.0,1145.0,457.0,690.0,1650.0,1150.0,272.0,411.0,480.0,1700000.0
100 Darter (S.L. Industries),Piston,150.0,97.0,90.0,46.0,39.0,800.0,1706.0,1525.0,1800.0,1290.0,271.0,414.0,248.0,1600000.0
100 King Air,Piston,115.0,109.0,107.0,44.0,35.0,725.0,716.0,775.0,1650.0,1067.0,272.0,401.0,301.0,1200000.0
100 Darter (S.L. Industries),Piston,90.0,117.0,97.0,38.0,26.0,700.0,1240.0,700.0,1450.0,820.0,258.0,421.0,350.0,1550000.0
F90 King Air,Piston,60.0,85.0,75.0,38.0,13.0,400.0,850.0,1525.0,1220.0,750.0,263.0,421.0,261.0,850000.0
"C90A King Air (LJ-1063 up) (10,100 g/w=SN1138 up)",Piston,160.0,168.0,160.0,63.0,80.0,1160.0,1805.0,1330.0,3800.0,2588.0,355.0,441.0,680.0,1740000.0
100 Darter (S.L. Industries),Piston,180.0,148.0,139.0,53.0,51.0,850.0,1550.0,1120.0,2400.0,1360.0,264.0,378.0,530.0,1380000.0
100 Darter (S.L. Industries),Piston,150.0,136.0,127.0,52.0,37.0,660.0,1600.0,1100.0,2200.0,1323.0,264.0,378.0,428.0,1265000.0
A 90 King Air,Piston,150.0,130.0,122.0,50.0,38.0,660.0,1600.0,1100.0,2200.0,1271.0,264.0,377.0,503.0,1265000.0
100 Darter (S.L. Industries),Piston,108.0,120.0,108.0,52.0,24.0,705.0,1590.0,1100.0,1560.0,975.0,230.0,293.0,348.0,1275000.0
88 Queen Air pressurized,Piston,108.0,120.0,109.0,51.0,24.0,765.0,1400.0,1065.0,1500.0,1007.0,231.0,293.0,350.0,1375000.0
B 80 Queen Air - specs thru 1972,Piston,100.0,90.0,84.0,33.0,20.0,700.0,1706.0,1525.0,1320.0,845.0,269.0,426.0,275.0,1500000.0
80 Queen Air,Piston,180.0,126.0,113.0,36.0,52.0,1500.0,1706.0,1525.0,1800.0,1190.0,271.0,426.0,696.0,2000000.0
A 65 Queen Air,Piston,600.0,122.0,96.0,61.0,54.0,1000.0,1200.0,800.0,6000.0,3400.0,352.0,532.0,275.0,1500000.0
B 60 Duke pressurized (prior '78 t/o run=2006),Piston,600.0,122.0,108.0,57.0,100.0,900.0,1706.0,1525.0,6000.0,3700.0,352.0,532.0,275.0,1500000.0
60 Duke Pressurized,Propjet,750.0,138.0,130.0,57.0,190.0,1740.0,1706.0,1525.0,6000.0,3600.0,396.0,533.0,545.0,2500000.0
100 Darter (S.L. Industries),Piston,80.0,157.0,138.0,46.0,17.0,1000.0,820.0,721.0,1320.0,622.0,250.0,425.0,350.0,
100 Darter (S.L. Industries),Propjet,1050.0,158.0,126.0,52.0,216.0,650.0,1706.0,1525.0,12500.0,5829.0,402.0,438.0,600.0,800000.0
C 50 Twin Bonanza,Propjet,1200.0,335.0,328.0,56.0,560.0,3225.0,3876.0,2630.0,14400.0,9887.0,553.0,653.0,1722.0,3480000.0
50 Twin Bonanza,Propjet,1050.0,314.0,303.0,56.0,539.0,2979.0,1706.0,2508.0,15000.0,9051.0,560.0,695.0,1966.0,3500000.0
58 P Baron-press.('77 hgt=9/6) (range based on 190 gal fuel),Propjet,850.0,310.0,259.0,80.0,3645.0,2437.0,1706.0,1525.0,12590.0,8830.0,526.0,695.0,1720.0,3500000.0
58 TC Baron (325) turbochg-non-pressurized,Propjet,850.0,294.0,279.0,75.0,544.0,2450.0,3345.0,2845.0,12500.0,7538.0,525.0,654.0,1972.0,3500000.0
100 Darter (S.L. Industries),Propjet,850.0,290.0,272.0,75.0,544.0,2450.0,3345.0,2845.0,12500.0,7538.0,525.0,654.0,1870.0,3288000.0
58 Baron (300 hp),Propjet,715.0,265.0,258.0,83.0,470.0,1963.0,2951.0,2679.0,11800.0,7082.0,479.0,551.0,1080.0,2485000.0
100 Darter (S.L. Industries),Propjet,680.0,248.0,235.0,75.0,470.0,1963.0,3245.0,2944.0,11500.0,6797.0,479.0,551.0,1000.0,2485000.0
A56TC Turbo Baron,Propjet,680.0,248.0,239.0,73.0,374.0,2200.0,1729.0,2138.0,10600.0,6440.0,477.0,550.0,1005.0,2590000.0
100 Darter (S.L. Industries),Propjet,750.0,279.0,265.0,79.0,470.0,2455.0,2808.0,2275.0,10950.0,6647.0,478.0,551.0,1235.0,3045000.0
E 55 Baron ('70-'72 fuel=142 gal opt),Propjet,750.0,267.0,261.0,77.0,470.0,2380.0,2856.0,2275.0,10950.0,6549.0,478.0,551.0,1235.0,2980200.0
100 Darter (S.L. Industries),Propjet,550.0,250.0,245.0,77.0,474.0,1870.0,2024.0,2110.0,10100.0,5996.0,426.0,603.0,1290.0,2762000.0
B 55 Baron (1978 & up),Propjet,550.0,247.0,240.0,75.0,384.0,2137.0,2261.0,1672.0,10100.0,5765.0,426.0,603.0,1120.0,3000000.0
100 Darter (S.L. Industries),Propjet,550.0,223.0,217.0,76.0,384.0,1955.0,2261.0,1672.0,9650.0,5765.0,426.0,603.0,1120.0,2810000.0
100 Darter (S.L. Industries),Propjet,550.0,223.0,219.0,74.0,384.0,2000.0,2180.0,2010.0,9650.0,5685.0,438.0,603.0,1185.0,2720000.0
E 95 Travel Air (fuel inj.),Propjet,550.0,223.0,216.0,77.0,384.0,1900.0,2150.0,1960.0,9300.0,5680.0,426.0,541.0,1160.0,3020000.0
100 Darter (S.L. Industries),Propjet,500.0,243.0,235.0,75.0,384.0,2000.0,1755.0,1870.0,9000.0,5680.0,426.0,541.0,1270.0,2840000.0
"95, B95 Travel Air (95 = 4,000 lb. gross)",Piston,380.0,214.0,192.0,71.0,264.0,1275.0,1800.0,2311.0,8800.0,6035.0,426.0,603.0,902.0,2680000.0
100 Darter (S.L. Industries),Piston,380.0,216.0,196.0,70.0,200.0,1275.0,2556.0,2572.0,8800.0,5277.0,426.0,603.0,656.0,2680000.0
B 36 TC Bonanza,Piston,380.0,216.0,195.0,71.0,214.0,1275.0,1800.0,2311.0,8800.0,5120.0,426.0,603.0,716.0,2680000.0
100 Darter (S.L. Industries),Piston,380.0,219.0,200.0,70.0,214.0,1585.0,1800.0,2143.0,8500.0,4900.0,426.0,603.0,716.0,2850000.0
A 36 Bonanza (300 hp),Piston,380.0,208.0,191.0,67.0,230.0,1300.0,1450.0,2070.0,8000.0,4800.0,422.0,603.0,746.0,2800000.0
100 Darter (S.L. Industries),Piston,340.0,208.0,186.0,70.0,214.0,1375.0,1675.0,2107.0,8200.0,4995.0,426.0,604.0,755.0,3000000.0
36 Bonanza,Piston,340.0,208.0,186.0,70.0,214.0,1300.0,1560.0,1750.0,7700.0,4980.0,426.0,550.0,755.0,3130000.0
100 Darter (S.L. Industries),Piston,340.0,200.0,186.0,70.0,180.0,1300.0,1700.0,1980.0,7700.0,4640.0,399.0,550.0,630.0,2700000.0
V 35B Bonanza ('80 & up=fuel std 74 gal),Piston,380.0,246.0,233.0,73.0,142.0,1601.0,2626.0,3065.0,6775.0,4425.0,406.0,471.0,1010.0,3000000.0
100 Darter (S.L. Industries),Piston,380.0,249.0,240.0,76.0,142.0,1601.0,2626.0,3065.0,6775.0,4175.0,406.0,471.0,824.0,3080000.0
V 35 TC Turbo Bonanza,Piston,380.0,249.0,236.0,76.0,142.0,1615.0,1660.0,2340.0,6725.0,4100.0,406.0,471.0,824.0,3130000.0
100 Darter (S.L. Industries),Piston,450.0,204.0,191.0,76.0,198.0,1400.0,2072.0,1850.0,9900.0,5845.0,422.0,596.0,622.0,2030000.0
S 35 Bonanza,Piston,450.0,200.0,186.0,73.0,275.0,1410.0,1980.0,1850.0,9700.0,5910.0,421.0,594.0,880.0,2140000.0
100 Darter (S.L. Industries),Piston,450.0,203.0,187.0,71.0,206.0,1250.0,2079.0,1569.0,9300.0,6150.0,397.0,571.0,638.0,2300000.0
"K,M 35 Bonanza",Piston,450.0,200.0,183.0,67.0,206.0,1190.0,1760.0,1460.0,8750.0,5770.0,397.0,571.0,632.0,2050000.0
100 Darter (S.L. Industries),Piston,340.0,204.0,180.0,72.0,180.0,1270.0,1250.0,1840.0,7300.0,4480.0,377.0,549.0,787.0,2950000.0
H 35 Bonanza,Piston,340.0,209.0,184.0,72.0,180.0,1320.0,1250.0,1840.0,7000.0,4460.0,377.0,549.0,813.0,2950000.0
100 Darter (S.L. Industries),Piston,295.0,186.0,178.0,62.0,134.0,1450.0,1260.0,1452.0,6300.0,4100.0,377.0,549.0,670.0,2000000.0
"C, D 35 Bonanza",Piston,275.0,178.0,161.0,60.0,134.0,1450.0,1260.0,1375.0,6000.0,3956.0,377.0,542.0,726.0,2000000.0
100 Darter (S.L. Industries),Piston,260.0,177.0,159.0,60.0,134.0,1450.0,1344.0,1215.0,6000.0,3940.0,377.0,542.0,733.0,2000000.0
35 Bonanza,Piston,260.0,177.0,158.0,56.0,134.0,1450.0,1350.0,1215.0,5500.0,3800.0,377.0,542.0,722.0,1900000.0
100 Darter (S.L. Industries),Piston,325.0,261.0,232.0,78.0,166.0,1475.0,2643.0,2427.0,6200.0,4026.0,359.0,454.0,1013.0,2500000.0
F & E 33-C Bonanza (conventional tail),Piston,310.0,256.0,214.0,79.0,166.0,1529.0,2376.0,2498.0,6100.0,3985.0,358.0,454.0,1130.0,2500000.0
100 Darter (S.L. Industries),Piston,310.0,231.0,207.0,79.0,166.0,1424.0,2761.0,2498.0,6100.0,3985.0,358.0,454.0,1104.0,2500000.0
E 33 A Bonanza (conventional tail),Piston,325.0,261.0,232.0,78.0,166.0,1475.0,2643.0,2427.0,6200.0,3788.0,359.0,454.0,1013.0,2500000.0
100 Darter (S.L. Industries),Piston,310.0,250.0,214.0,79.0,166.0,1461.0,2376.0,2498.0,6100.0,3780.0,358.0,454.0,1130.0,2500000.0
C 33 A Debonair,Piston,300.0,208.0,195.0,74.0,136.0,1750.0,2371.0,2498.0,5500.0,3443.0,358.0,454.0,1109.0,2068800.0
100 Darter (S.L. Industries),Piston,285.0,208.0,195.0,74.0,136.0,1660.0,2101.0,2498.0,5400.0,3361.0,358.0,454.0,1109.0,1860000.0
"A,B 33 Debonair",Piston,380.0,252.0,247.0,73.0,142.0,2020.0,1420.0,2080.0,5990.0,3700.0,348.0,454.0,737.0,3220000.0
100 Darter (S.L. Industries),Piston,380.0,252.0,247.0,73.0,142.0,2020.0,1420.0,2080.0,5990.0,3650.0,339.0,454.0,737.0,3220000.0
"C-24R Sierra 200 (prior'78 svc. ceil=16,400)",Piston,285.0,208.0,195.0,73.0,100.0,1682.0,968.0,1414.0,5300.0,3291.0,348.0,454.0,934.0,1910000.0
100 Darter (S.L. Industries),Piston,285.0,210.0,200.0,67.0,112.0,1670.0,968.0,1414.0,5300.0,3075.0,339.0,454.0,550.0,2090000.0
A-24R Sierra 200,Piston,260.0,201.0,184.0,73.0,100.0,1693.0,2154.0,2148.0,5100.0,3236.0,336.0,454.0,739.0,1930000.0
100 Darter (S.L. Industries),Piston,260.0,205.0,196.0,68.0,112.0,1670.0,1225.0,1370.0,5100.0,3075.0,324.0,454.0,763.0,1970000.0
C 23 Sundowner (pre '76 fuel=52 gal) pre'82=less mph,Piston,260.0,200.0,191.0,66.0,112.0,1700.0,1700.0,1470.0,4880.0,2960.0,317.0,452.0,745.0,1950000.0
100 Darter (S.L. Industries),Piston,260.0,200.0,191.0,66.0,112.0,1630.0,1700.0,1470.0,4880.0,2960.0,307.0,452.0,745.0,1920000.0
"A 23, A23A Musketeer (A=2,400 lb gross)",Piston,180.0,183.0,174.0,61.0,80.0,1250.0,1280.0,1590.0,4200.0,2650.0,301.0,445.0,661.0,1810000.0
100 Darter (S.L. Industries),Piston,180.0,183.0,174.0,61.0,80.0,1250.0,2100.0,1850.0,4200.0,2635.0,303.0,445.0,661.0,1810000.0
B 19 Sport 150 (76' & prior fuel=52 gal),Piston,180.0,183.0,170.0,61.0,80.0,1250.0,2100.0,1850.0,4100.0,2635.0,303.0,453.0,661.0,1810000.0
100 Darter (S.L. Industries),Piston,180.0,171.0,158.0,60.0,100.0,1248.0,2119.0,1881.0,3900.0,2460.0,348.0,456.0,843.0,1965000.0
77 Skipper ('79-'80 height=7/11),Piston,300.0,213.0,190.0,57.0,102.0,1049.0,2364.0,1692.0,3850.0,2338.0,330.0,454.0,957.0,2500000.0
"17-31 ATC Turbo, 300-Lyc. (prior '78=8 gal less)",Piston,300.0,214.0,190.0,57.0,74.0,1165.0,2012.0,1449.0,3650.0,2278.0,330.0,402.0,800.0,2500000.0
"17-31A, (prior '78=8 gal less fuel + 6 mph less)",Piston,300.0,184.0,169.0,59.0,74.0,1210.0,1913.0,1473.0,3650.0,2247.0,330.0,402.0,720.0,1850000.0
100 Darter (S.L. Industries),Piston,285.0,179.0,168.0,52.0,74.0,10303.0,2040.0,1450.0,3600.0,2195.0,330.0,402.0,697.0,1660000.0
"17-30A, (1979 & up; 1993 & up + 5 mph; IO-550 +6 mph)",Piston,285.0,177.0,170.0,56.0,50.0,1015.0,1525.0,1240.0,3600.0,1980.0,316.0,394.0,510.0,1600000.0
100 Darter (S.L. Industries),Piston,285.0,217.0,200.0,55.0,50.0,1225.0,1320.0,1177.0,3400.0,2027.0,316.0,401.0,600.0,2950000.0
17-30-300 Viking (Continental eng),Piston,285.0,182.0,172.0,51.0,74.0,11673.0,1769.0,1324.0,3400.0,2286.5,317.0,402.0,717.0,1785800.0
100 Darter (S.L. Industries),Piston,285.0,183.0,177.0,55.0,44.0,1136.0,1320.0,1177.0,3400.0,1960.0,316.0,401.0,536.0,1750000.0
14-19-2 Cruisemaster,Piston,285.0,209.0,195.0,55.0,50.0,1225.0,1320.0,1177.0,3400.0,1950.0,316.0,401.0,580.0,2660000.0
100 Darter (S.L. Industries),Piston,285.0,183.0,177.0,55.0,50.0,1136.0,1320.0,1177.0,3400.0,1915.0,316.0,401.0,543.0,1750000.0
14-13 Cruiseair Sr.,Piston,285.0,184.0,178.0,54.0,50.0,1200.0,1225.0,1150.0,3300.0,1915.0,316.0,401.0,543.0,1830000.0
55 (1984-'85),Piston,260.0,178.0,170.0,52.0,50.0,1150.0,1260.0,1100.0,3125.0,1855.0,302.0,401.0,535.0,1920000.0
55 (thru 1983),Piston,250.0,183.0,170.0,52.0,49.0,1170.0,1185.0,1050.0,2950.0,1832.0,301.0,401.0,495.0,2000000.0
100 Darter (S.L. Industries),Piston,250.0,183.0,174.0,50.0,39.0,1250.0,1175.0,1050.0,2900.0,1820.0,301.0,393.0,492.0,2130000.0
100 Darter (S.L. Industries),Piston,240.0,179.0,165.0,50.0,39.0,1225.0,1260.0,1050.0,2900.0,1820.0,301.0,393.0,470.0,1980000.0
"36 A (prior'82 = gross weight @ 18,000)",Piston,225.0,169.0,160.0,48.0,39.0,1300.0,1270.0,1025.0,2775.0,1722.0,301.0,393.0,550.0,1900000.0
36,Piston,205.0,165.0,152.0,48.0,39.0,1100.0,1500.0,975.0,2700.0,1650.0,301.0,393.0,510.0,1800000.0
100 Darter (S.L. Industries),Piston,196.0,160.0,148.0,49.0,39.0,890.0,1515.0,950.0,2650.0,1575.0,301.0,393.0,470.0,1710000.0
100 Darter (S.L. Industries),Piston,185.0,160.0,150.0,48.0,39.0,950.0,1440.0,925.0,2550.0,1458.0,301.0,393.0,530.0,1800000.0
100 Darter (S.L. Industries),Piston,260.0,177.0,168.0,49.0,50.0,1060.0,1516.0,1150.0,3300.0,1935.0,305.0,393.0,513.0,1660000.0
28 Longhorn,Piston,285.0,181.0,174.0,53.0,50.0,1200.0,1225.0,1150.0,3300.0,1918.0,306.0,393.0,520.0,1830000.0
"25 D,F w/6 engs=45,000 service ceiling (prior '82 more rate of climb)",Piston,285.0,182.0,172.0,51.0,74.0,11673.0,1769.0,1324.0,3400.0,2125.0,320.0,402.0,717.0,1785800.0
100 Darter (S.L. Industries),Piston,285.0,181.0,174.0,53.0,50.0,1200.0,1225.0,1150.0,3300.0,1915.0,306.0,394.0,520.0,1830000.0
25 C (1973 thru 1975),Piston,225.0,170.0,161.0,52.0,50.0,930.0,1288.0,1298.0,3050.0,1862.0,306.0,394.0,520.0,1780000.0
100 Darter (S.L. Industries),Piston,285.0,181.0,174.0,53.0,50.0,1200.0,1225.0,1150.0,3300.0,1775.0,306.0,394.0,520.0,1830000.0
"24 F (w/8A engs=51,000 service ceil)",Piston,225.0,170.0,161.0,52.0,50.0,980.0,1288.0,1298.0,3050.0,1854.0,306.0,394.0,568.0,1830000.0
100 Darter (S.L. Industries),Piston,225.0,170.0,161.0,52.0,50.0,960.0,1235.0,1282.0,3000.0,1745.0,306.0,394.0,568.0,1840000.0
24 D (1973 thru 1975),Piston,225.0,170.0,161.0,52.0,50.0,1010.0,1235.0,1282.0,2900.0,1730.0,305.0,392.0,550.0,1980000.0
100 Darter (S.L. Industries),Piston,200.0,145.0,137.0,60.0,57.0,927.0,1561.0,1462.0,2750.0,1696.0,309.0,393.0,647.0,1538500.0
24 C,Piston,200.0,140.0,131.0,55.0,52.0,891.0,1804.0,1519.0,2750.0,1711.0,308.0,393.0,591.0,1434200.0
100 Darter (S.L. Industries),Piston,200.0,148.0,141.0,57.0,58.0,862.0,1630.0,1380.0,2750.0,1610.0,308.0,393.0,704.0,1435000.0
24 Twin Jet,Piston,200.0,137.0,130.0,52.0,60.0,880.0,1380.0,1300.0,2550.0,1410.0,301.0,391.0,643.0,1485000.0
100 Darter (S.L. Industries),Piston,180.0,128.0,116.0,51.0,57.0,792.0,1955.0,1484.0,2450.0,1494.0,309.0,393.0,565.0,1260000.0
100 Darter (S.L. Industries),Piston,180.0,127.0,120.0,50.0,60.0,728.0,1460.0,1260.0,2400.0,1375.0,301.0,391.0,565.0,1187000.0
650 Citation VII,Piston,165.0,127.0,120.0,50.0,60.0,880.0,1460.0,1260.0,2350.0,1325.0,301.0,391.0,565.0,1187000.0
650 Citation VI,Piston,160.0,123.0,111.0,52.0,60.0,720.0,1275.0,1260.0,2300.0,1300.0,301.0,391.0,800.0,1350000.0
100 Darter (S.L. Industries),Piston,150.0,110.0,107.0,50.0,57.0,680.0,1635.0,1693.0,2150.0,1414.0,309.0,393.0,643.0,1165000.0
650 Citation III (thru SN 099),Piston,150.0,122.0,114.0,48.0,60.0,900.0,1255.0,1220.0,2200.0,1325.0,301.0,391.0,800.0,1490000.0
100 Darter (S.L. Industries),Piston,115.0,106.0,97.0,47.0,29.0,720.0,1280.0,1313.0,1675.0,1103.0,288.0,360.0,370.0,1290000.0
100 Darter (S.L. Industries),Piston,300.0,193.0,187.0,61.0,68.0,1170.0,1420.0,1340.0,3325.0,2372.0,316.0,410.0,760.0,2400000.0
100 Darter (S.L. Industries),Piston,300.0,174.0,165.0,61.0,68.0,1170.0,1420.0,1340.0,3325.0,2247.0,316.0,410.0,483.0,1820000.0
S550 Citation SII,Piston,250.0,193.0,187.0,54.0,72.0,1800.0,890.0,1100.0,3200.0,2010.0,283.0,410.0,760.0,2400000.0
Citation II 550 (thru SN 626),Piston,300.0,181.0,176.0,61.0,68.0,1210.0,1420.0,1340.0,3325.0,2185.0,316.0,410.0,550.0,2000000.0
100 Darter (S.L. Industries),Piston,300.0,166.0,163.0,61.0,60.0,1085.0,1420.0,1340.0,3325.0,2217.0,316.0,410.0,550.0,1700000.0
Citation CJ3 525B,Piston,300.0,167.0,163.0,54.0,58.0,1840.0,890.0,1050.0,3200.0,1900.0,283.0,410.0,550.0,2100000.0
100 Darter (S.L. Industries),Piston,260.0,181.0,177.0,54.0,58.0,1500.0,990.0,825.0,3000.0,1750.0,282.0,410.0,639.0,2250000.0
100 Darter (S.L. Industries),Piston,230.0,179.0,170.0,42.0,40.0,1400.0,1025.0,1150.0,2700.0,1640.0,273.0,410.0,452.0,2000000.0
Citation I 500,Piston,190.0,174.0,157.0,38.0,40.0,1250.0,1270.0,1025.0,2600.0,1575.0,276.0,410.0,435.0,2150000.0
100 Darter (S.L. Industries),Piston,150.0,147.0,130.0,38.0,40.0,1100.0,1350.0,975.0,2100.0,1520.0,254.0,410.0,591.0,1950000.0
402C Business Liner II,Jet,3700.0,455.0,417.0,56.0,6707.0,4059.0,5600.0,3300.0,21500.0,12135.0,661.0,525.0,1715.0,5100000.0
"402,-A turbocharged",Jet,3700.0,457.0,169.0,56.0,6707.0,4380.0,4540.0,3109.0,19500.0,12130.0,661.0,525.0,1715.0,5100000.0
100 Darter (S.L. Industries),Jet,8650.0,480.0,442.0,56.0,16665.0,4200.0,5400.0,3300.0,43250.0,19950.0,821.0,742.0,3391.0,4100000.0
100 Darter (S.L. Industries),Jet,7500.0,480.0,442.0,56.0,14890.0,3400.0,5700.0,3300.0,41400.0,18660.0,821.0,742.0,2991.0,4100000.0
T 310 P turbocharged,Jet,3500.0,491.0,460.0,99.0,7400.0,4340.0,4972.0,3075.0,18300.0,9838.0,584.0,474.0,2289.0,4500000.0
310 Q,Jet,3500.0,477.0,441.0,105.0,7431.0,5100.0,4080.0,3105.0,17000.0,8802.0,583.0,473.0,2289.0,4500000.0
100 Darter (S.L. Industries),Jet,3500.0,471.0,460.0,99.0,6198.0,4760.0,4972.0,3075.0,18300.0,9838.0,584.0,474.0,1818.0,4500000.0
100 Darter (S.L. Industries),Jet,3500.0,477.0,441.0,105.0,6171.0,5100.0,4080.0,3105.0,17000.0,8762.0,583.0,473.0,1818.0,4500000.0
100 Darter (S.L. Industries),Jet,2950.0,478.0,441.0,79.0,5373.0,6110.0,2880.0,2220.0,15000.0,8157.0,571.0,525.0,1546.0,4790000.0
"310,-A",Jet,2950.0,475.0,441.0,79.0,4704.0,6350.0,2630.0,2220.0,15000.0,8195.0,571.0,525.0,1450.0,4880000.0
"T 337 G-P II,H-P, Skymaster pressurized",Jet,2950.0,464.0,459.0,97.0,6098.0,6830.0,3937.0,2817.0,15000.0,7950.0,571.0,427.0,1431.0,5100000.0
100 Darter (S.L. Industries),Jet,2950.0,464.0,441.0,104.0,6098.0,6050.0,5186.0,3090.0,15000.0,7355.0,570.0,427.0,1450.0,4500000.0
T 337 E & F Skymaster turbocharged,Jet,2950.0,464.0,441.0,104.0,7464.0,6050.0,5186.0,3090.0,15000.0,7233.0,570.0,427.0,1525.0,4500000.0
100 Darter (S.L. Industries),Jet,2950.0,477.0,442.0,90.0,6098.0,6050.0,5186.0,2703.0,15000.0,7206.0,570.0,426.0,1385.0,4500000.0
T 337 C Skymaster turbocharged,Jet,2950.0,475.0,441.0,88.0,5628.0,7100.0,3297.0,2873.0,13500.0,7130.0,519.0,426.0,1001.0,4500000.0
100 Darter (S.L. Industries),Jet,2950.0,477.0,441.0,88.0,4791.0,7220.0,3000.0,2789.0,12900.0,7025.0,519.0,426.0,730.0,4500000.0
"337 G,H II Skymaster (prior '79 service ceiling=18,000)",Jet,2950.0,464.0,441.0,99.0,5628.0,6800.0,3917.0,2800.0,13500.0,6988.0,519.0,427.0,1001.0,4500000.0
100 Darter (S.L. Industries),Jet,2950.0,477.0,442.0,87.0,840.0,6800.0,3917.0,2703.0,13500.0,6803.0,519.0,426.0,1001.0,4500000.0
337 E Skymaster,Jet,2950.0,461.0,442.0,88.0,715.0,6900.0,3370.0,2850.0,12500.0,6519.0,519.0,426.0,1385.0,4500000.0
100 Darter (S.L. Industries),Jet,2950.0,474.0,437.0,88.0,834.0,6300.0,3100.0,3307.0,13500.0,6927.0,519.0,427.0,1001.0,4500000.0
337 C Skymaster,Jet,2850.0,469.0,417.0,90.0,847.0,6300.0,3100.0,3350.0,13000.0,7090.0,518.0,427.0,1100.0,4100000.0
100 Darter (S.L. Industries),Jet,2850.0,488.0,423.0,89.0,828.0,6900.0,2940.0,2800.0,12500.0,6700.0,518.0,427.0,1000.0,4100000.0
208 Caravan-675,Jet,6400.0,92.0,511.0,56.0,13000.0,3720.0,5710.0,3820.0,35700.0,21400.0,866.0,765.0,3250.0,5100000.0
100 Darter (S.L. Industries),Jet,4000.0,85.0,476.0,97.0,7385.0,4442.0,4690.0,2910.0,22450.0,13700.0,665.0,641.0,2300.0,5100000.0
100 Darter (S.L. Industries),Jet,3650.0,473.0,169.0,97.0,7385.0,1520.0,5150.0,2900.0,22000.0,12775.0,665.0,641.0,2345.0,5100000.0
"T 210 K,L Turbo (K=9 mph less speed)",Jet,3650.0,472.0,461.0,97.0,7384.0,3699.0,5030.0,2900.0,22000.0,11811.0,666.0,642.0,2600.0,5100000.0
100 Darter (S.L. Industries),Jet,3650.0,472.0,169.0,89.0,7384.0,3909.0,4710.0,2560.0,21000.0,11720.0,666.0,642.0,2600.0,5100000.0
T 210 F Turbo Centurion,Jet,3786.0,76.0,429.0,82.0,6590.0,3090.0,3460.0,3315.0,19200.0,11310.0,622.0,668.0,2027.0,
100 Darter (S.L. Industries),Jet,3400.0,755.0,427.0,83.0,5440.0,4500.0,1706.0,1525.0,16830.0,9977.0,585.0,649.0,1970.0,4500000.0
"210 M,NII (prior'78=less svc. ceil. & r/o/c=860)",Jet,3045.0,76.0,430.0,82.0,5771.0,4230.0,3180.0,2800.0,16300.0,9550.0,587.0,626.0,1960.0,
210 F Centurion,Jet,2887.0,70.0,401.0,86.0,4860.0,3195.0,3600.0,3180.0,14800.0,8925.0,566.0,626.0,1900.0,
100 Darter (S.L. Industries),Jet,2500.0,177.0,403.0,82.0,5820.0,3000.0,3240.0,3050.0,15000.0,8049.0,566.0,626.0,2104.0,4300000.0
100 Darter (S.L. Industries),Jet,2500.0,177.0,385.0,82.0,5008.0,3370.0,2990.0,2270.0,13300.0,7388.0,566.0,626.0,1930.0,4300000.0
T 207 (Stationair 7 & 8) '77=eng 310 hp,Jet,2500.0,177.0,385.0,82.0,5009.0,3625.0,2650.0,2210.0,12500.0,7181.0,566.0,626.0,2104.0,4300000.0
100 Darter (S.L. Industries),Jet,2820.0,737.0,351.0,56.0,4710.0,2460.0,1706.0,2770.0,13870.0,8300.0,602.0,640.0,1875.0,4500000.0
"U206E,F, float ('75-'76 specs) '76=+4 gal fuel",Jet,1900.0,71.0,380.0,85.0,3220.0,3311.0,3080.0,2750.0,10400.0,6550.0,510.0,560.0,1485.0,4100000.0
"TU 206E,F (ski) (prior'76=4 gal more fuel)",Jet,2200.0,177.0,357.0,82.0,3807.0,2719.0,2930.0,2270.0,11850.0,6631.0,522.0,565.0,1325.0,4100000.0
"U206 E,F (ski) Super Skywagon",Jet,2200.0,177.0,351.0,56.0,3780.0,2680.0,2930.0,2270.0,11850.0,6684.0,522.0,565.0,1325.0,4100000.0
100 Darter (S.L. Industries),Jet,2200.0,177.0,348.0,85.0,3780.0,2900.0,2660.0,2300.0,11500.0,6454.0,522.0,527.0,1308.0,4100000.0
"TU 206E,F Stationair",Jet,2200.0,177.0,348.0,84.0,3618.0,2900.0,2550.0,2310.0,10850.0,6350.0,522.0,525.0,1064.0,3500000.0
100 Darter (S.L. Industries),Propjet,625.0,295.0,283.0,76.0,475.0,2435.0,2465.0,1875.0,9850.0,5682.0,468.0,592.0,2193.0,3500000.0
"U206 F,G II ('75 up) '75 lgt=28/9 + prior'79 less fuel)",Propjet,450.0,263.0,169.0,84.0,366.0,1861.0,2490.0,2150.0,8600.0,4948.0,430.0,529.0,1248.0,3340000.0
100 Darter (S.L. Industries),Propjet,450.0,263.0,250.0,79.0,366.0,2027.0,2341.0,2145.0,8200.0,4915.0,430.0,529.0,1461.0,3470000.0
U 206 A,Piston,375.0,257.0,241.0,74.0,213.0,1940.0,2323.0,2293.0,7450.0,5048.0,437.0,493.0,1197.0,3020000.0
100 Darter (S.L. Industries),Piston,375.0,245.0,235.0,74.0,175.0,1850.0,2387.0,2178.0,7450.0,4426.0,433.0,501.0,845.0,3100000.0
"TP 206A,B,C,D,E (E=35/10 span) (A=28/0 lgt)",Piston,375.0,240.0,227.0,76.0,175.0,1700.0,2516.0,2110.0,6840.0,4252.0,404.0,477.0,826.0,2600000.0
100 Darter (S.L. Industries),Piston,375.0,240.0,222.0,76.0,170.0,1700.0,2516.0,2110.0,6800.0,4237.0,401.0,477.0,826.0,2600000.0
206H Stationair,Piston,310.0,235.0,224.0,72.0,213.0,1520.0,2595.0,2393.0,6750.0,4543.0,436.0,529.0,1099.0,3080000.0
100 Darter (S.L. Industries),Piston,310.0,239.0,224.0,70.0,102.0,1580.0,2350.0,1865.0,6350.0,4039.0,405.0,479.0,1090.0,3010000.0
P 206 Super Skylane,Piston,340.0,231.0,214.0,72.0,175.0,1900.0,2010.0,1851.0,6500.0,3865.0,401.0,477.0,908.0,2600000.0
100 Darter (S.L. Industries),Piston,375.0,232.0,217.0,70.0,348.0,1575.0,2367.0,2130.0,8400.0,4965.0,474.0,556.0,553.0,2600000.0
195 B,Piston,325.0,230.0,213.0,68.0,213.0,1450.0,2195.0,2485.0,6850.0,4238.0,436.0,529.0,875.0,2690000.0
100 Darter (S.L. Industries),Piston,300.0,229.0,210.0,70.0,102.0,1610.0,2220.0,1765.0,6300.0,4038.0,433.0,479.0,1180.0,2618000.0
195,Piston,300.0,227.0,209.0,69.0,102.0,1610.0,2220.0,1765.0,6300.0,3719.0,428.0,477.0,833.0,2618000.0
100 Darter (S.L. Industries),Piston,300.0,227.0,209.0,69.0,102.0,1610.0,2220.0,1765.0,6300.0,3674.0,404.0,477.0,1102.0,2618000.0
T 188C Ag Husky (prior'81=4 mph less),Piston,310.0,243.0,229.0,71.0,102.0,1650.0,2175.0,1850.0,5990.0,4184.0,412.0,457.0,1106.0,2980000.0
100 Darter (S.L. Industries),Piston,285.0,226.0,210.0,71.0,102.0,1500.0,2430.0,1840.0,5975.0,3730.0,412.0,457.0,1258.0,2650000.0
A188B Ag Wagon ('79 & up) dispersal sys,Piston,300.0,230.0,215.0,71.0,102.0,1400.0,2365.0,1850.0,5990.0,3963.0,412.0,457.0,928.0,2680000.0
100 Darter (S.L. Industries),Piston,285.0,239.0,226.0,64.0,102.0,1924.0,1515.0,1734.0,5300.0,3273.0,354.0,441.0,735.0,2900000.0
A188 Ag Wagon restricted (prior'77=7/10 hgt),Piston,260.0,229.0,213.0,63.0,102.0,1820.0,1584.0,1910.0,5200.0,3260.0,354.0,441.0,735.0,2810000.0
100 Darter (S.L. Industries),Piston,260.0,230.0,204.0,68.0,102.0,1820.0,1890.0,2056.0,4990.0,3190.0,353.0,441.0,740.0,2810000.0
188 Ag Pickup fixed-prop ('72) restricted,Piston,285.0,237.0,223.0,70.0,102.0,1700.0,1662.0,1790.0,5500.0,3723.0,383.0,443.0,517.0,2740000.0
100 Darter (S.L. Industries),Piston,285.0,238.0,225.0,67.0,102.0,1790.0,1662.0,1790.0,5500.0,3292.0,354.0,441.0,807.0,2820000.0
"188A,B Ag Wagon ('67-'71) fixed-prop normal",Piston,285.0,239.0,226.0,66.0,102.0,1862.0,1590.0,1790.0,5400.0,3292.0,351.0,441.0,807.0,2860000.0
100 Darter (S.L. Industries),Piston,285.0,207.0,194.0,70.0,102.0,1662.0,1700.0,1790.0,5500.0,3603.0,383.0,443.0,661.0,1975000.0
A185 F (float) (prior '79 = 4-8 gal less fuel),Piston,260.0,205.0,192.0,63.0,102.0,1495.0,1795.0,1697.0,5300.0,3214.0,354.0,441.0,680.0,1950000.0
A185 F II Skywagon (prior '81=less perform),Piston,260.0,206.0,193.0,62.0,102.0,1540.0,1716.0,1673.0,5200.0,3170.0,350.0,441.0,676.0,1990000.0
100 Darter (S.L. Industries),Piston,260.0,206.0,193.0,65.0,102.0,1540.0,1716.0,1582.0,5200.0,3125.0,353.0,443.0,676.0,1990000.0
185 E Skywagon,Piston,260.0,207.0,194.0,65.0,102.0,1590.0,1640.0,1540.0,5100.0,3094.0,354.0,443.0,687.0,2030000.0
100 Darter (S.L. Industries),Piston,260.0,209.0,194.0,65.0,102.0,1690.0,1545.0,1900.0,5100.0,3063.0,353.0,449.0,687.0,2110000.0
R182 II RG Turbo Skylane,Piston,260.0,210.0,191.0,73.0,102.0,1800.0,1395.0,1720.0,4990.0,3049.0,353.0,441.0,678.0,2130000.0
100 Darter (S.L. Industries),Piston,240.0,191.0,178.0,71.0,102.0,1700.0,1375.0,1710.0,4600.0,2850.0,325.0,433.0,640.0,1950000.0
T-182R II Turbo Skylane,Piston,250.0,216.0,180.0,62.0,155.0,1480.0,1750.0,1450.0,5000.0,3305.0,365.0,466.0,835.0,2500000.0
100 Darter (S.L. Industries),Piston,225.0,211.0,204.0,62.0,150.0,1170.0,1500.0,1675.0,4700.0,3184.0,358.0,458.0,939.0,2000000.0
182T Skylane,Piston,210.0,207.0,200.0,62.0,90.0,1160.0,1675.0,1650.0,4630.0,3038.0,358.0,458.0,1080.0,2000000.0
100 Darter (S.L. Industries),Piston,210.0,200.0,194.0,61.0,93.0,1105.0,1675.0,1650.0,4630.0,2850.0,358.0,458.0,920.0,2930000.0
182R II (1981 & up),Piston,210.0,201.0,195.0,61.0,93.0,1155.0,1595.0,1650.0,4500.0,2815.0,358.0,456.0,920.0,3010000.0
100 Darter (S.L. Industries),Piston,210.0,201.0,195.0,59.0,93.0,1155.0,1595.0,1520.0,4500.0,2795.0,358.0,456.0,920.0,3010000.0
182 N Skylane,Piston,210.0,202.0,196.0,57.0,93.0,1250.0,1490.0,1500.0,4300.0,2785.0,349.0,456.0,920.0,3100000.0
100 Darter (S.L. Industries),Piston,210.0,172.0,169.0,61.0,90.0,940.0,1675.0,1650.0,4630.0,2925.0,357.0,458.0,1139.0,1630000.0
"182 E,F,G,H",Piston,210.0,173.0,165.0,61.0,93.0,1100.0,1675.0,1650.0,4630.0,2695.0,357.0,458.0,920.0,1800000.0
100 Darter (S.L. Industries),Piston,210.0,173.0,166.0,60.0,93.0,1180.0,1565.0,1650.0,4440.0,2660.0,357.0,458.0,922.0,1930000.0
182,Piston,210.0,173.0,166.0,60.0,93.0,1200.0,1545.0,1650.0,4400.0,2655.0,357.0,456.0,920.0,1950000.0
100 Darter (S.L. Industries),Piston,210.0,173.0,166.0,58.0,93.0,1200.0,1545.0,1520.0,4400.0,2650.0,357.0,456.0,922.0,1950000.0
"180J,K amphib prior'76=4 gal more fuel (range w/80 gal fuel)",Piston,210.0,174.0,167.0,57.0,93.0,1250.0,1490.0,1500.0,4300.0,2615.0,357.0,456.0,922.0,2000000.0
100 Darter (S.L. Industries),Piston,210.0,174.0,167.0,55.0,93.0,1200.0,1435.0,1465.0,4200.0,2615.0,357.0,456.0,922.0,2050000.0
"180J,K (ski) (prior'79=15,600 serv. ceil, less fuel)",Piston,210.0,159.0,150.0,52.0,93.0,1300.0,1145.0,1395.0,3900.0,2320.0,355.0,456.0,880.0,1900000.0
100 Darter (S.L. Industries),Propjet,675.0,182.0,154.0,61.0,335.0,1234.0,2053.0,1655.0,8000.0,3973.0,450.0,625.0,866.0,2500000.0
180,Propjet,675.0,186.0,154.0,61.0,335.0,975.0,2420.0,1880.0,8750.0,4765.0,499.0,625.0,810.0,2370000.0
100 Darter (S.L. Industries),Piston,310.0,235.0,235.0,60.0,388.0,1400.0,1706.0,1525.0,3600.0,2350.0,302.0,438.0,1270.0,2500000.0
177 RG Cardinal,Piston,325.0,224.0,212.0,55.0,85.0,1150.0,2110.0,1600.0,4100.0,2471.0,340.0,466.0,715.0,2500000.0
100 Darter (S.L. Industries),Piston,310.0,201.0,191.0,58.0,90.0,945.0,2160.0,1500.0,4000.0,2481.0,338.0,441.0,661.0,2300000.0
177 B (thru'74)'70-'71 lgt=27/0 & hgt=9/1,Piston,325.0,224.0,207.0,55.0,87.0,1150.0,2110.0,1600.0,4100.0,2320.0,340.0,466.0,715.0,2900000.0
100 Darter (S.L. Industries),Piston,310.0,204.0,192.0,58.0,90.0,930.0,2160.0,1500.0,4000.0,2303.0,338.0,441.0,715.0,2700000.0
177 Cardinal,Piston,310.0,204.0,197.0,57.0,90.0,1030.0,1900.0,1500.0,3800.0,2306.0,338.0,441.0,732.0,2850000.0
100 Darter (S.L. Industries),Piston,285.0,205.0,187.0,57.0,90.0,930.0,2030.0,1500.0,3800.0,2180.0,339.0,441.0,732.0,2850000.0
"175,-A,-B",Piston,285.0,203.0,194.0,55.0,89.0,1115.0,1365.0,1355.0,3400.0,2050.0,339.0,441.0,739.0,3020000.0
100 Darter (S.L. Industries),Piston,285.0,200.0,191.0,54.0,65.0,1280.0,1265.0,1340.0,3300.0,1965.0,336.0,439.0,539.0,3130000.0
172 Q Cutlass,Piston,300.0,175.0,169.0,53.0,87.0,1060.0,2050.0,1585.0,3850.0,2220.0,338.0,466.0,600.0,1600000.0
100 Darter (S.L. Industries),Piston,300.0,174.0,170.0,57.0,90.0,950.0,2030.0,1500.0,3800.0,2219.0,338.0,441.0,600.0,1730000.0
172S Skyhawk SP,Piston,285.0,174.0,167.0,55.0,90.0,1000.0,1365.0,1355.0,3400.0,1960.0,339.0,441.0,760.0,1830000.0
100 Darter (S.L. Industries),Piston,285.0,172.0,165.0,54.0,65.0,1115.0,1265.0,1340.0,3300.0,1865.0,336.0,439.0,640.0,1990000.0
172 P II Skyhawk,Piston,285.0,173.0,166.0,53.0,65.0,1210.0,1110.0,1275.0,3100.0,1860.0,340.0,439.0,640.0,2100000.0
100 Darter (S.L. Industries),Piston,260.0,170.0,160.0,52.0,65.0,1270.0,1210.0,1110.0,3000.0,1780.0,327.0,438.0,680.0,2030000.0
172 M Skyhawk ('76=4 mph more speed),Piston,260.0,173.0,165.0,51.0,65.0,1300.0,1135.0,1190.0,2900.0,1740.0,327.0,437.0,700.0,2070000.0
100 Darter (S.L. Industries),Piston,310.0,170.0,161.0,59.0,61.0,885.0,1860.0,1500.0,3800.0,2254.0,386.0,430.0,583.0,2600000.0
R172K/Hawk XP (floats),Piston,300.0,150.0,143.0,59.0,61.0,810.0,1970.0,1500.0,3800.0,2177.0,386.0,430.0,612.0,1330000.0
100 Darter (S.L. Industries),Piston,310.0,155.0,135.0,52.0,92.0,835.0,2790.0,1750.0,3600.0,2404.0,356.0,430.0,640.0,2560000.0
172 M (float plane 1974-76),Piston,285.0,157.0,143.0,50.0,65.0,950.0,2400.0,1610.0,3600.0,2295.0,342.0,430.0,626.0,2420000.0
100 Darter (S.L. Industries),Piston,300.0,137.0,131.0,51.0,92.0,925.0,2820.0,1675.0,3500.0,2342.0,356.0,430.0,680.0,1390000.0
172 K & L float plane,Piston,300.0,136.0,130.0,53.0,61.0,855.0,2475.0,1570.0,3500.0,2312.0,356.0,430.0,580.0,1390000.0
100 Darter (S.L. Industries),Piston,300.0,136.0,131.0,49.0,65.0,855.0,2475.0,1570.0,3500.0,2200.0,342.0,430.0,510.0,1390000.0
"172,-D,-E,-F,-G,-H",Piston,300.0,136.0,131.0,56.0,65.0,855.0,2475.0,1570.0,3500.0,2060.0,342.0,442.0,510.0,1390000.0
100 Darter (S.L. Industries),Piston,285.0,145.0,132.0,61.0,65.0,920.0,1706.0,1525.0,3300.0,2165.0,344.0,430.0,626.0,2350000.0
100 Darter (S.L. Industries),Piston,300.0,121.0,119.0,52.0,65.0,800.0,1706.0,1525.0,3300.0,2065.0,344.0,430.0,510.0,1150000.0
"170,-A,-B",Piston,310.0,174.0,152.0,54.0,92.0,1010.0,1640.0,1395.0,3600.0,2066.0,339.0,430.0,640.0,2700000.0
100 Darter (S.L. Industries),Piston,285.0,174.0,148.0,53.0,65.0,1030.0,1810.0,1395.0,3600.0,1935.0,345.0,430.0,580.0,2630000.0
"150M, A150M (Aerobat span=32/9)",Piston,285.0,174.0,160.0,53.0,65.0,1030.0,1810.0,1395.0,3600.0,1795.0,332.0,439.0,627.0,2630000.0
100 Darter (S.L. Industries),Piston,300.0,156.0,147.0,54.0,92.0,920.0,1780.0,1395.0,3600.0,2002.0,339.0,430.0,680.0,1480000.0
A 150 L Aerobat (1974),Piston,300.0,151.0,143.0,53.0,65.0,920.0,1780.0,1395.0,3600.0,1725.0,344.0,439.0,510.0,1480000.0
100 Darter (S.L. Industries),Piston,285.0,151.0,142.0,53.0,65.0,920.0,1810.0,1340.0,3600.0,1795.0,333.0,439.0,555.0,1480000.0
"150 H,J,K (K=8/8 height)",Piston,285.0,154.0,144.0,52.0,65.0,1075.0,1265.0,1340.0,3300.0,1760.0,333.0,439.0,563.0,1670000.0
100 Darter (S.L. Industries),Piston,285.0,174.0,160.0,53.0,65.0,1030.0,1810.0,1395.0,3600.0,1915.0,339.0,439.0,609.0,2630000.0
"150 D,-E,-F,-G",Piston,310.0,178.0,150.0,54.0,92.0,1050.0,1740.0,1395.0,3600.0,2351.0,339.0,432.0,713.0,2700000.0
100 Darter (S.L. Industries),Piston,300.0,151.0,142.0,54.0,92.0,988.0,1860.0,1395.0,3600.0,2351.0,339.0,432.0,713.0,1570000.0
150,Piston,285.0,151.0,142.0,53.0,65.0,920.0,1810.0,1395.0,3600.0,1820.0,339.0,439.0,555.0,1480000.0
100 Darter (S.L. Industries),Piston,285.0,154.0,143.0,52.0,65.0,1075.0,1265.0,1340.0,3300.0,1790.0,338.0,438.0,565.0,1670000.0
140,Piston,260.0,145.0,138.0,50.0,65.0,965.0,1465.0,1510.0,3300.0,1750.0,327.0,438.0,515.0,1610000.0
100 Darter (S.L. Industries),Piston,275.0,152.0,143.0,54.0,80.0,1135.0,1605.0,1495.0,3350.0,2050.0,327.0,434.0,583.0,1625000.0
Vision Jet SF50,Piston,245.0,153.0,139.0,56.0,80.0,1050.0,1670.0,1495.0,3350.0,2030.0,327.0,434.0,603.0,1600000.0
Columbia 400 LC-41,Piston,300.0,157.0,148.0,55.0,80.0,1090.0,1670.0,1495.0,3350.0,2050.0,327.0,434.0,600.0,1600000.0
Columbia 350 LC-42,Piston,240.0,153.0,139.0,56.0,80.0,1090.0,1670.0,1495.0,3350.0,2015.0,327.0,434.0,610.0,1600000.0
100 Darter (S.L. Industries),Piston,310.0,113.0,106.0,58.0,54.0,510.0,2060.0,1265.0,4400.0,2322.0,318.0,500.0,283.0,1400000.0
115TC,Piston,300.0,106.0,101.0,57.0,54.0,465.0,2250.0,1265.0,4200.0,2230.0,311.0,500.0,290.0,780000.0
100 Darter (S.L. Industries),Piston,300.0,107.0,103.0,55.0,54.0,525.0,1965.0,1265.0,4000.0,2179.0,311.0,489.0,290.0,870000.0
114TC,Piston,300.0,105.0,98.0,50.0,54.0,690.0,1090.0,1265.0,4200.0,2220.0,315.0,500.0,290.0,1110000.0
100 Darter (S.L. Industries),Piston,300.0,105.0,98.0,50.0,37.0,690.0,1090.0,1265.0,4000.0,2189.0,315.0,489.0,278.0,1110000.0
"114,('76-24/10 length + less performance)",Piston,230.0,91.0,78.0,50.0,37.0,400.0,1920.0,1265.0,3800.0,1900.0,303.0,489.0,204.0,650000.0
100 Darter (S.L. Industries),Piston,230.0,94.0,83.0,50.0,37.0,460.0,1740.0,1265.0,3800.0,1835.0,303.0,489.0,204.0,770000.0
112B,Piston,300.0,131.0,123.0,50.0,37.0,940.0,970.0,1265.0,3300.0,1845.0,315.0,484.0,278.0,1570000.0
100 Darter (S.L. Industries),Piston,230.0,103.0,101.0,50.0,37.0,710.0,1365.0,1265.0,3300.0,1815.0,303.0,484.0,204.0,1300000.0
112,Piston,300.0,136.0,130.0,50.0,88.0,950.0,1710.0,1480.0,3100.0,2253.0,330.0,430.0,500.0,1610000.0
Top Cub,Piston,300.0,141.0,134.0,52.0,88.0,960.0,2125.0,1565.0,3320.0,1998.0,324.0,430.0,522.0,1640000.0
100 Darter (S.L. Industries),Piston,300.0,155.0,145.0,49.0,88.0,1075.0,1430.0,1400.0,3350.0,1750.0,308.0,430.0,645.0,1790000.0
Falcon 900 (3-eng fan jet),Piston,300.0,155.0,147.0,51.0,65.0,1040.0,1330.0,1400.0,3350.0,1565.0,306.0,434.0,470.0,1750000.0
100 Darter (S.L. Industries),Piston,300.0,153.0,145.0,54.0,65.0,950.0,1290.0,1285.0,3300.0,1560.0,306.0,434.0,470.0,1690000.0
Falcon 200,Piston,260.0,153.0,145.0,54.0,65.0,1000.0,1510.0,1265.0,3200.0,1520.0,305.0,432.0,561.0,1730000.0
100 Darter (S.L. Industries),Piston,235.0,187.0,173.0,50.0,92.0,1040.0,1570.0,1320.0,3100.0,1846.0,344.0,430.0,845.0,2000000.0
Falcon Fan Jet D 20,Piston,235.0,160.0,156.0,50.0,92.0,1140.0,1570.0,1320.0,3100.0,1809.0,344.0,430.0,845.0,1800000.0
100 Darter (S.L. Industries),Piston,235.0,168.0,157.0,49.0,92.0,965.0,1475.0,1350.0,3100.0,1781.0,341.0,430.0,743.0,2000000.0
Falcon F 20,Piston,235.0,176.0,159.0,49.0,92.0,1040.0,1385.0,1350.0,3100.0,2075.0,348.0,432.0,971.0,2000000.0
100 Darter (S.L. Industries),Piston,230.0,150.0,145.0,49.0,92.0,924.0,1514.0,1350.0,3100.0,1970.0,348.0,432.0,930.0,1810000.0
Falcon Fan Jet 10,Piston,230.0,143.0,140.0,46.0,88.0,924.0,1625.0,1280.0,3110.0,1882.0,336.0,192.0,813.0,1810000.0
100 Darter (S.L. Industries),Piston,230.0,146.0,142.0,49.0,92.0,865.0,1515.0,1350.0,3100.0,1775.0,336.0,430.0,817.0,1490000.0
DHC 6-300 Twin Otter Std. + '77-'78=less perf.,Piston,230.0,148.0,143.0,50.0,92.0,1010.0,1350.0,1350.0,2950.0,1754.0,336.0,430.0,817.0,1650000.0
100 Darter (S.L. Industries),Piston,230.0,146.0,139.0,50.0,65.0,890.0,1350.0,1350.0,2950.0,1640.0,337.0,430.0,550.0,1770000.0
DHC 6-200 Twin Otter,Piston,230.0,148.0,141.0,48.0,65.0,980.0,1205.0,1350.0,2800.0,1620.0,341.0,434.0,550.0,1890000.0
Twin Star Diamond DA42,Piston,230.0,148.0,141.0,48.0,65.0,980.0,1205.0,1350.0,2800.0,1610.0,328.0,434.0,550.0,1890000.0
100 Darter (S.L. Industries),Piston,230.0,148.0,141.0,54.0,55.0,1030.0,1080.0,1310.0,2650.0,1560.0,312.0,432.0,450.0,1980000.0
Katana DA20-C1,Piston,230.0,143.0,135.0,54.0,55.0,1120.0,1020.0,1290.0,2550.0,1540.0,312.0,432.0,443.0,2010000.0
100 Darter (S.L. Industries),Piston,230.0,137.0,123.0,48.0,88.0,970.0,1900.0,1720.0,2950.0,2204.0,330.0,430.0,804.0,1530000.0
100 Darter (S.L. Industries),Piston,230.0,137.0,123.0,48.0,61.0,990.0,2070.0,1720.0,2950.0,2110.0,330.0,430.0,804.0,1600000.0
TB-21 TC Trinidad,Piston,230.0,137.0,123.0,48.0,61.0,990.0,2070.0,1720.0,2950.0,1955.0,324.0,430.0,804.0,1600000.0
100 Darter (S.L. Industries),Piston,230.0,137.0,123.0,48.0,88.0,910.0,1706.0,1525.0,2800.0,1790.0,346.0,430.0,804.0,1470000.0
TB-200XL,Piston,230.0,148.0,141.0,48.0,88.0,1100.0,1205.0,1365.0,2800.0,1701.0,308.0,430.0,804.0,1770000.0
100 Darter (S.L. Industries),Piston,230.0,148.0,141.0,50.0,65.0,1090.0,1205.0,1365.0,2800.0,1525.0,306.0,434.0,622.0,1960000.0
TB-9 Tampico Club,Piston,230.0,148.0,139.0,54.0,55.0,1130.0,1080.0,1330.0,2650.0,1555.0,312.0,432.0,513.0,2150000.0
Eclipse 500,Piston,225.0,144.0,137.0,51.0,55.0,1110.0,1095.0,1310.0,2550.0,1540.0,312.0,432.0,513.0,2120000.0
100 Darter (S.L. Industries),Piston,200.0,157.0,149.0,50.0,61.0,925.0,1585.0,1350.0,2800.0,1765.0,327.0,426.0,500.0,1710000.0
Eurofox,Piston,200.0,153.0,144.0,50.0,51.0,860.0,1585.0,1350.0,2800.0,1630.0,327.0,426.0,506.0,1690000.0
Excalibur '800' conv. Beech Twin Bonanza,Piston,180.0,139.0,130.0,46.0,50.0,840.0,1400.0,1220.0,2500.0,1643.0,327.0,426.0,490.0,1460000.0
Excalibur conv. Beech Twin Bonanza,Piston,180.0,133.0,123.0,46.0,50.0,840.0,1400.0,1220.0,2500.0,1485.0,327.0,426.0,417.0,1460000.0
100 Darter (S.L. Industries),Piston,180.0,130.0,120.0,49.0,49.0,760.0,1575.0,1220.0,2500.0,1440.0,324.0,427.0,410.0,1580000.0
"Queen Air '8800' conv. Beech A80,B80",Piston,150.0,125.0,117.0,46.0,49.0,670.0,1575.0,1135.0,2350.0,1415.0,324.0,427.0,591.0,1270000.0
"Metro III,A",Piston,175.0,123.0,118.0,56.0,52.0,790.0,1450.0,1170.0,2450.0,1325.0,300.0,432.0,589.0,1450000.0
"Metro, II (prior '79 height=16/10)",Piston,175.0,128.0,121.0,54.0,52.0,850.0,1340.0,1155.0,2350.0,1312.0,300.0,432.0,593.0,1590000.0
100 Darter (S.L. Industries),Piston,180.0,144.0,140.0,50.0,66.0,800.0,1775.0,1340.0,2650.0,1627.0,329.0,430.0,720.0,1680000.0
Merlin IV C,Piston,180.0,123.0,122.0,48.0,54.0,680.0,1690.0,1335.0,2550.0,1480.0,323.0,433.0,475.0,1700000.0
100 Darter (S.L. Industries),Piston,195.0,132.0,130.0,47.0,52.0,870.0,1360.0,1345.0,2550.0,1572.0,326.0,430.0,570.0,1700000.0
Fairchild 300,Piston,180.0,126.0,124.0,48.0,56.0,730.0,1630.0,1335.0,2550.0,1663.0,326.0,433.0,638.0,1400000.0
100 Darter (S.L. Industries),Piston,160.0,123.0,122.0,47.0,53.0,720.0,1685.0,1295.0,2457.0,1600.0,323.0,433.0,580.0,1350000.0
"Merlin III C-23 (12,500 gross) (SN TT426 & up)",Piston,160.0,123.0,120.0,46.0,43.0,700.0,1625.0,1280.0,2400.0,1454.0,323.0,430.0,440.0,1300000.0
100 Darter (S.L. Industries),Piston,160.0,124.0,122.0,44.0,43.0,770.0,1390.0,1250.0,2300.0,1430.0,323.0,430.0,440.0,1420000.0
Merlin III A,Piston,150.0,122.0,115.0,44.0,42.0,645.0,1525.0,1250.0,2300.0,1335.0,323.0,430.0,435.0,1310000.0
100 Darter (S.L. Industries),Piston,150.0,122.0,115.0,43.0,42.0,645.0,1525.0,1250.0,2300.0,1315.0,323.0,429.0,417.0,1310000.0
Merlin II A,Piston,195.0,117.0,116.0,44.0,52.0,870.0,1850.0,1390.0,2550.0,1834.0,322.0,430.0,539.0,1550000.0
CTSW,Piston,160.0,96.0,95.0,44.0,43.0,740.0,2160.0,1345.0,2220.0,1632.0,320.0,430.0,440.0,1500000.0
800XP,Piston,150.0,98.0,97.0,44.0,42.0,715.0,2390.0,1345.0,2220.0,1574.0,324.0,430.0,435.0,1200000.0
100 Darter (S.L. Industries),Piston,150.0,94.0,92.0,45.0,42.0,580.0,2390.0,1345.0,2220.0,1450.0,324.0,429.0,435.0,1200000.0
G V,Piston,150.0,94.0,92.0,45.0,42.0,580.0,2390.0,1345.0,2220.0,1405.0,319.0,429.0,418.0,1200000.0
100 Darter (S.L. Industries),Piston,150.0,122.0,115.0,43.0,42.0,645.0,1525.0,1250.0,2300.0,1300.0,323.0,434.0,515.0,1310000.0
G IV,Piston,145.0,121.0,114.0,43.0,42.0,645.0,1525.0,1250.0,2300.0,1330.0,318.0,434.0,515.0,1310000.0
100 Darter (S.L. Industries),Piston,145.0,121.0,114.0,43.0,42.0,675.0,1450.0,1200.0,2250.0,1330.0,317.0,432.0,515.0,1420000.0
100 Darter (S.L. Industries),Piston,145.0,122.0,114.0,51.0,42.0,730.0,1370.0,1115.0,2200.0,1325.0,317.0,432.0,515.0,1510000.0
GII (G1159) with tip tanks,Piston,145.0,117.0,108.0,50.0,37.0,660.0,1650.0,1115.0,2200.0,1260.0,300.0,432.0,420.0,1330000.0
100 Darter (S.L. Industries),Piston,145.0,122.0,104.0,50.0,42.0,690.0,1820.0,1145.0,2200.0,1205.0,300.0,432.0,410.0,1550000.0
GI (G-159) ceiling quoted w/APU,Piston,110.0,110.0,107.0,43.0,26.0,715.0,1340.0,1200.0,1670.0,1141.0,289.0,398.0,315.0,1470000.0
"HS125-700,A (Hawk-Sidd mfg) ('77=24,200 gross)",Piston,100.0,109.0,106.0,42.0,26.0,670.0,1385.0,1075.0,1600.0,1104.0,287.0,398.0,303.0,1400000.0
100 Darter (S.L. Industries),Piston,100.0,106.0,102.0,42.0,26.0,670.0,1385.0,1075.0,1600.0,1060.0,285.0,398.0,303.0,1265000.0
BH-124-400A (Beech mfg),Piston,100.0,108.0,103.0,42.0,26.0,670.0,1385.0,1075.0,1600.0,1040.0,285.0,393.0,303.0,1400000.0
100 Darter (S.L. Industries),Piston,100.0,104.0,100.0,42.0,26.0,670.0,1385.0,1075.0,1600.0,1020.0,285.0,393.0,303.0,1265000.0
1124A Westwind 2,Piston,100.0,106.0,102.0,42.0,26.0,670.0,1385.0,1075.0,1600.0,1065.0,285.0,393.0,303.0,1265000.0
100 Darter (S.L. Industries),Piston,100.0,90.0,85.0,43.0,26.0,560.0,2075.0,850.0,1650.0,1120.0,289.0,393.0,276.0,1070000.0
1123 Commodore Jet,Piston,100.0,109.0,102.0,43.0,26.0,670.0,1375.0,1075.0,1600.0,970.0,285.0,392.0,303.0,1265000.0
100 Darter (S.L. Industries),Piston,100.0,108.0,105.0,43.0,26.0,740.0,1205.0,1055.0,1500.0,965.0,253.0,400.0,320.0,1530000.0
1121 Jet Commander,Piston,100.0,108.0,104.0,47.0,26.0,740.0,1205.0,1055.0,1500.0,962.0,252.0,400.0,318.0,1530000.0
J250-SP,Piston,90.0,103.0,90.0,46.0,21.0,640.0,1850.0,1530.0,1500.0,850.0,249.0,399.0,315.0,1560000.0
J230-SP,Piston,85.0,102.0,88.0,46.0,21.0,620.0,1950.0,1530.0,1500.0,850.0,249.0,399.0,315.0,1510000.0
LA-4 Amphibian,Piston,85.0,104.0,100.0,43.0,25.0,640.0,1850.0,1530.0,1450.0,818.0,249.0,392.0,390.0,1550000.0
C-1 Amphibian,Jet,1846.0,311.0,305.0,67.0,2000.0,1609.0,3192.0,1525.0,6000.0,3550.0,367.0,463.0,1275.0,3100000.0
LA-4-200 Buccaneer (land specs),Piston,310.0,235.0,181.0,57.0,106.0,1200.0,1250.0,2350.0,3600.0,2500.0,302.0,428.0,1300.0,2500000.0
XL2,Piston,310.0,235.0,179.0,57.0,106.0,1200.0,1250.0,2350.0,3400.0,23.0,302.0,428.0,1300.0,1800000.0
Jetstar -8,Piston,310.0,235.0,190.0,57.0,106.0,1200.0,1250.0,2350.0,3400.0,2250.0,302.0,438.0,1300.0,1800000.0
100 Darter (S.L. Industries),Piston,270.0,197.0,187.0,59.0,90.0,1050.0,2223.0,1312.0,3305.0,2152.0,299.0,394.0,870.0,2500000.0
8:00 AM,Piston,265.0,164.0,149.0,54.0,90.0,1070.0,1985.0,1200.0,3250.0,2102.0,299.0,394.0,1005.0,1680000.0
Superstar I (601P Aerostar),Piston,270.0,197.0,177.0,59.0,90.0,1050.0,2223.0,1312.0,3305.0,2151.0,299.0,393.0,870.0,2500000.0
MX-7-160,Piston,260.0,166.0,157.0,54.0,68.0,1030.0,2150.0,1200.0,3260.0,2070.0,301.0,393.0,665.0,1650000.0
MX-7-180A,Piston,260.0,166.0,157.0,55.0,68.0,1088.0,1990.0,1200.0,3140.0,1905.0,301.0,393.0,665.0,1740000.0
M-7-235,Piston,210.0,170.0,163.0,54.0,48.0,914.0,1750.0,1275.0,2950.0,2035.0,301.0,427.0,620.0,2000000.0
100 Darter (S.L. Industries),Piston,200.0,150.0,142.0,51.0,48.0,950.0,1829.0,1039.0,2800.0,1773.0,301.0,427.0,575.0,1505000.0
M-5-235C,Piston,200.0,149.0,140.0,54.0,48.0,1020.0,1585.0,1310.0,2650.0,1691.0,298.0,393.0,569.0,1390000.0
100 Darter (S.L. Industries),Piston,200.0,152.0,143.0,53.0,60.0,1000.0,1460.0,1310.0,2550.0,1530.0,299.0,393.0,750.0,1700000.0
100 Darter (S.L. Industries),Piston,180.0,132.0,110.0,42.0,54.0,800.0,1706.0,1525.0,2300.0,1200.0,282.0,422.0,555.0,1800000.0
M-5-180C,Piston,100.0,122.0,103.0,27.0,25.0,790.0,975.0,1040.0,1320.0,825.0,279.0,410.0,434.0,1800000.0
MU-300 Diamond II,Jet,4750.0,513.0,459.0,81.0,19165.0,4000.0,4950.0,3500.0,45500.0,22573.0,796.0,761.0,4400.0,4100000.0
100 Darter (S.L. Industries),Jet,4500.0,513.0,459.0,81.0,19165.0,3500.0,5300.0,3500.0,45500.0,22573.0,796.0,761.0,4200.0,3900000.0
MU-300 Diamond I,Jet,3700.0,518.0,430.0,77.0,15520.0,3430.0,4700.0,2800.0,38800.0,21100.0,729.0,742.0,3500.0,4100000.0
100 Darter (S.L. Industries),Jet,5200.0,521.0,435.0,89.0,10684.0,3065.0,5260.0,2860.0,32000.0,18800.0,675.0,642.0,2500.0,3900000.0
"MU-2L,-2N (-2N empty weight=7,760)",Jet,4125.0,530.0,457.0,90.0,8420.0,3500.0,3800.0,2940.0,26455.0,16600.0,675.0,642.0,1200.0,4200000.0
100 Darter (S.L. Industries),Jet,4250.0,512.0,457.0,90.0,8980.0,3500.0,6400.0,4850.0,27337.0,15400.0,675.0,642.0,1630.0,4200000.0
MU-2J,Jet,4315.0,530.0,458.0,84.5,9250.0,3300.0,5000.0,3300.0,28660.0,15970.0,675.0,642.0,1610.0,4200000.0
100 Darter (S.L. Industries),Jet,4500.0,530.0,410.0,88.0,9098.0,3330.0,4950.0,2450.0,28660.0,17500.0,675.0,642.0,1614.0,3700000.0
MU-2F,Jet,3230.0,513.0,459.0,84.0,5912.0,4600.0,4615.0,2750.0,19300.0,11200.0,546.0,515.0,1828.0,3900000.0
100 Darter (S.L. Industries),Jet,3230.0,513.0,459.0,88.0,5912.0,4600.0,4615.0,2750.0,18740.0,10800.0,546.0,515.0,1828.0,4500000.0
Acclaim (M20TN),Jet,3230.0,459.0,426.0,92.0,5910.0,4200.0,4300.0,3300.0,18300.0,10800.0,544.0,515.0,1800.0,4500000.0
TLS (M20M),Propjet,620.0,182.0,170.0,58.0,2583.0,1600.0,1500.0,1940.0,12500.0,6881.0,621.0,780.0,300.0,2670000.0
100 Darter (S.L. Industries),Propjet,620.0,182.0,171.0,64.0,2457.0,1600.0,1940.0,1940.0,12500.0,7487.0,621.0,780.0,300.0,2670000.0
PFM (M20L),Propjet,579.0,165.0,150.0,57.0,2457.0,1300.0,1900.0,1995.0,11579.0,7250.0,621.0,780.0,713.0,2430000.0
Encore (MS20K),Piston,135.0,194.0,172.0,56.0,52.0,1280.0,1730.0,1877.0,3935.0,2765.0,337.0,534.0,1129.0,1800000.0
100 Darter (S.L. Industries),Piston,81.0,161.0,117.0,37.0,20.0,680.0,1560.0,1490.0,1609.0,1095.0,282.0,427.0,526.0,
205 (M20J),Piston,125.0,163.0,132.0,34.0,25.0,1105.0,1263.0,1235.0,1654.0,1166.0,282.0,428.0,422.0,
M-20C Ranger ('77-'78),Propjet,850.0,320.0,255.0,56.0,1887.0,1380.0,2840.0,2430.0,7394.0,4698.0,419.0,499.0,1520.0,3100000.0
M-20-E Super 21 Chaparral,Propjet,700.0,300.0,291.0,61.0,1887.0,2380.0,1591.0,2034.0,6579.0,4050.0,419.0,499.0,1563.0,3000000.0
100 Darter (S.L. Industries),Piston,250.0,200.0,187.0,54.0,86.0,1125.0,1953.0,1750.0,3083.0,1795.0,304.0,390.0,713.0,2500000.0
M-20-B Mark 21,Piston,250.0,167.0,160.0,54.0,86.0,1260.0,1953.0,1750.0,3083.0,1744.0,304.0,390.0,1100.0,2000000.0
100 Darter (S.L. Industries),Piston,200.0,177.0,115.0,56.0,55.0,937.0,1561.0,1474.0,2535.0,1642.0,305.0,394.0,637.0,1600000.0
M-20-Mark 20,Piston,180.0,132.0,117.0,51.0,54.0,790.0,1657.0,1394.0,2535.0,1477.0,300.0,384.0,713.0,1300000.0
100 Darter (S.L. Industries),Piston,160.0,177.0,106.0,50.0,41.0,738.0,1706.0,1378.0,2337.0,1411.0,303.0,384.0,713.0,1100000.0
H-Rangemaster (1975-'76),Jet,900.0,64.0,426.0,69.0,1686.0,3314.0,2297.0,2155.0,5920.0,3550.0,402.0,455.0,1300.0,4100000.0
100 Darter (S.L. Industries),Propjet,750.0,221.0,181.0,71.0,440.0,1650.0,4000.0,4400.0,13007.0,8007.0,594.0,603.0,713.0,2150000.0
100 Darter (S.L. Industries),Piston,100.0,164.0,120.0,46.0,23.0,1000.0,1706.0,1525.0,1235.0,644.0,223.0,359.0,600.0,1400000.0
100 Darter (S.L. Industries),Piston,400.0,226.0,213.0,71.0,230.0,1870.0,1525.0,1940.0,7600.0,5100.0,377.0,552.0,713.0,2220000.0
PA-31-350 Chieftain ('81=optional fuel),Piston,380.0,239.0,226.0,71.0,230.0,1900.0,1225.0,1840.0,7300.0,4500.0,377.0,552.0,713.0,3000000.0
100 Darter (S.L. Industries),Piston,400.0,213.0,201.0,68.0,230.0,1535.0,1706.0,2176.0,8000.0,5400.0,337.0,438.0,713.0,2220000.0
"PA-31-310 Turbo Navajo B,C (prior '80 less fuel)",Piston,400.0,213.0,201.0,70.0,264.0,1490.0,2050.0,2450.0,8800.0,5800.0,337.0,438.0,713.0,2000000.0
PA-31-300 Navajo,Propjet,1000.0,280.0,248.0,88.0,648.0,2635.0,3495.0,1525.0,14500.0,8737.0,712.0,684.0,1827.0,2990000.0
100 Darter (S.L. Industries),Propjet,940.0,177.0,256.0,86.0,648.0,2400.0,2050.0,1970.0,12500.0,8000.0,712.0,555.0,1250.0,2700000.0
PA-23 E Turbo Aztec (1971 length=30/2),Propjet,1000.0,278.0,248.0,88.0,648.0,2635.0,3340.0,2970.0,14500.0,9200.0,712.0,684.0,2040.0,2990000.0
100 Darter (S.L. Industries),Propjet,1000.0,283.0,261.0,87.0,648.0,2440.0,2850.0,2532.0,14000.0,9100.0,712.0,684.0,2040.0,3000000.0
"PA-23 D,E Aztec (prior '72 length=30/2)",Propjet,840.0,270.0,169.0,86.0,544.0,2400.0,2050.0,1970.0,12500.0,8200.0,712.0,555.0,1815.0,2700000.0
100 Darter (S.L. Industries),Propjet,900.0,303.0,264.0,92.0,648.0,2650.0,3080.0,2805.0,13230.0,8200.0,506.0,575.0,2178.0,2940000.0
PA-23 C Aztec,Propjet,900.0,300.0,265.0,92.0,648.0,2650.0,2920.0,3530.0,13230.0,8150.0,506.0,555.0,2025.0,2700000.0
100 Darter (S.L. Industries),Propjet,900.0,303.0,264.0,89.0,648.0,2800.0,2400.0,3360.0,12500.0,8090.0,506.0,555.0,2025.0,2940000.0
"PA34-180, Seneca V",Propjet,900.0,309.0,295.0,89.0,648.0,2780.0,2970.0,3240.0,12500.0,7800.0,506.0,555.0,2025.0,3140000.0
100 Darter (S.L. Industries),Propjet,840.0,283.0,169.0,83.0,648.0,2530.0,2150.0,1570.0,12500.0,7600.0,506.0,555.0,2670.0,2890000.0
PA-34-220T Seneca III (roc=t/o power),Propjet,665.0,177.0,257.0,76.0,386.0,2780.0,2970.0,3240.0,10000.0,6150.0,481.0,550.0,1318.0,2990000.0
100 Darter (S.L. Industries),Propjet,550.0,177.0,235.0,75.0,386.0,1950.0,2300.0,2380.0,9800.0,6075.0,481.0,550.0,1250.0,3100000.0
100 Darter (S.L. Industries),Piston,100.0,120.0,112.0,39.0,34.0,960.0,1706.0,1525.0,1320.0,649.0,244.0,438.0,1080.0,1400000.0
100 Darter (S.L. Industries),Piston,100.0,145.0,119.0,35.0,29.0,850.0,1050.0,1100.0,1320.0,760.0,244.0,378.0,730.0,1320000.0
PA-39 C/R Turbo Twin Comanche,Piston,100.0,133.0,116.0,36.0,18.0,850.0,1450.0,1410.0,1320.0,820.0,246.0,246.0,400.0,1320000.0
PA-30 B Turbo Twin Comanche,Jet,14750.0,516.0,459.0,56.0,41000.0,1200.0,5870.0,2950.0,89400.0,46800.0,1157.0,1122.0,6500.0,5100000.0
100 Darter (S.L. Industries),Jet,13850.0,505.0,459.0,115.0,29500.0,4122.0,5450.0,3190.0,75000.0,42500.0,1060.0,934.0,4220.0,4500000.0
PA-23-150 Apache,Jet,13850.0,510.0,459.0,108.0,29500.0,4219.0,5265.0,3393.0,73200.0,42500.0,1060.0,934.0,4420.0,4500000.0
100 Darter (S.L. Industries),Jet,11400.0,503.0,459.0,104.0,28300.0,4049.0,5115.0,3250.0,69700.0,38000.0,997.0,934.0,3767.0,4500000.0
100 Darter (S.L. Industries),Jet,11400.0,503.0,459.0,103.0,28300.0,4049.0,5115.0,3250.0,69700.0,38150.0,959.0,934.0,3680.0,4500000.0
PA-24-C 260 Comanche,Jet,11400.0,503.0,459.0,103.0,26800.0,4240.0,5750.0,3168.0,65500.0,37186.0,959.0,870.0,2795.0,4500000.0
100 Darter (S.L. Industries),Jet,11400.0,503.0,459.0,108.0,23300.0,4345.0,5625.0,3198.0,64800.0,36544.0,959.0,827.0,2592.0,4500000.0
PA-32R-301T Saratoga II TC,Propjet,1950.0,340.0,299.0,87.0,10463.0,1900.0,1706.0,1525.0,36000.0,23008.0,765.0,940.0,2164.0,3000000.0
100 Darter (S.L. Industries),Jet,3700.0,443.0,400.0,87.0,9450.0,3000.0,5800.0,3600.0,24800.0,14150.0,609.0,564.0,713.0,4100000.0
PA-32-300 '73-74 hgt=7/9 ('79 fuel=94 gal),Jet,3750.0,456.0,435.0,83.0,9450.0,4500.0,4850.0,2125.0,25000.0,12865.0,606.0,564.0,713.0,4100000.0
100 Darter (S.L. Industries),Jet,3360.0,443.0,385.0,77.0,9100.0,3100.0,5000.0,1990.0,23300.0,11920.0,569.0,564.0,713.0,4100000.0
PA-32-260 ('74-'78) 1974 height=7/9,Jet,3360.0,443.0,385.0,79.0,9100.0,4150.0,3800.0,2450.0,22700.0,12000.0,569.0,564.0,713.0,4100000.0
100 Darter (S.L. Industries),Jet,3700.0,476.0,415.0,89.0,9580.0,3500.0,5250.0,2350.0,23500.0,12800.0,627.0,537.0,2904.0,4500000.0
"PA-28R-,RT-,201T Turbo Arrow III, IV",Jet,3700.0,471.0,426.0,90.0,8710.0,3200.0,4950.0,2450.0,22850.0,12500.0,627.0,537.0,2440.0,4500000.0
100 Darter (S.L. Industries),Jet,3100.0,471.0,426.0,87.0,8620.0,4040.0,5750.0,2900.0,20700.0,11500.0,627.0,536.0,1450.0,4500000.0
PA-28-200R Arrow II (1973-'76),Jet,2950.0,471.0,426.0,84.0,7350.0,5000.0,5450.0,3900.0,18500.0,10500.0,605.0,519.0,1100.0,4500000.0
100 Darter (S.L. Industries),Jet,2850.0,471.0,426.0,82.0,6250.0,4400.0,5400.0,3900.0,17500.0,10500.0,605.0,519.0,950.0,4000000.0
100 Darter (S.L. Industries),Piston,120.0,125.0,120.0,39.0,36.0,700.0,1706.0,1525.0,1320.0,780.0,257.0,360.0,840.0,1500000.0
PA-28 180 Challenger & Archer,Piston,120.0,130.0,120.0,39.0,35.0,700.0,1706.0,1525.0,1320.0,800.0,257.0,389.0,800.0,1500000.0
100 Darter (S.L. Industries),Piston,180.0,122.0,114.0,39.0,40.0,800.0,1275.0,900.0,2400.0,1555.0,299.0,456.0,296.0,1300000.0
PA-28 C 150 Cherokee,Piston,180.0,123.0,117.0,45.0,30.0,800.0,1375.0,900.0,2350.0,1520.0,282.0,408.0,305.0,1350000.0
100 Darter (S.L. Industries),Piston,150.0,109.0,97.0,50.0,30.0,700.0,1550.0,900.0,2150.0,1450.0,282.0,408.0,320.0,950000.0
"PA-28 150,B 150 Cherokee",Piston,180.0,125.0,122.0,39.0,40.0,1000.0,1250.0,1525.0,2400.0,1345.0,299.0,456.0,296.0,1350000.0
100 Darter (S.L. Industries),Piston,180.0,149.0,143.0,39.0,40.0,800.0,1275.0,900.0,2400.0,1575.0,299.0,456.0,543.0,2000000.0
PA-28-151 Warrior (prior '77 stall=58),Piston,200.0,177.0,130.0,39.0,40.0,1200.0,875.0,900.0,2600.0,1535.0,299.0,456.0,455.0,1470000.0
100 Darter (S.L. Industries),Piston,200.0,135.0,130.0,39.0,40.0,1200.0,1050.0,950.0,2690.0,1555.0,299.0,456.0,455.0,1470000.0
PA-36-375 Brave (spray restr. category),Piston,125.0,162.0,125.0,49.0,30.0,682.0,1496.0,1519.0,1750.0,1160.0,244.0,345.0,505.0,
"PA-25 235 C,D Pawnee (normal category)",Jet,3300.0,496.0,435.0,106.0,2660.0,4050.0,1706.0,3440.0,41900.0,20999.0,725.0,653.0,713.0,4300000.0
100 Darter (S.L. Industries),Piston,90.0,96.0,83.0,37.0,25.0,660.0,1850.0,1540.0,1400.0,870.0,240.0,420.0,273.0,1600000.0
PA-22 135 Tri-Pacer,Piston,85.0,91.0,83.0,37.0,30.0,640.0,1850.0,1540.0,1400.0,791.0,236.0,415.0,346.0,1550000.0
100 Darter (S.L. Industries),Piston,65.0,91.0,78.0,37.0,14.0,550.0,1950.0,1540.0,1260.0,750.0,236.0,415.0,182.0,1400000.0
PA-18 150 Super Cub,Piston,325.0,260.0,250.0,77.0,165.0,1955.0,1980.0,2076.0,3625.0,200.0,337.0,438.0,1137.0,
PA-18 95 Super Cub,Piston,160.0,177.0,135.0,40.0,40.0,825.0,1180.0,500.0,2200.0,1330.0,281.0,393.0,540.0,1300000.0
100 Darter (S.L. Industries),Piston,180.0,177.0,140.0,40.0,40.0,920.0,1150.0,500.0,2400.0,1350.0,281.0,438.0,500.0,1500000.0
100 Darter (S.L. Industries),Piston,235.0,177.0,148.0,30.0,40.0,1350.0,600.0,600.0,2500.0,1500.0,273.0,398.0,478.0,2000000.0
PA-11,Piston,235.0,157.0,129.0,38.0,40.0,1900.0,540.0,540.0,2500.0,1425.0,282.0,398.0,360.0,2000000.0
100 Darter (S.L. Industries),Piston,235.0,177.0,150.0,33.0,40.0,1350.0,600.0,600.0,2300.0,1400.0,282.0,370.0,360.0,2000000.0
Kodiak 100,Piston,220.0,157.0,150.0,33.0,42.0,1250.0,585.0,600.0,2300.0,1300.0,278.0,370.0,485.0,1900000.0
G3,Piston,210.0,177.0,170.0,33.0,40.0,1250.0,600.0,600.0,2300.0,1400.0,273.0,370.0,430.0,2000000.0
Super 340 (Cessna 340 conversion),Piston,210.0,157.0,137.0,33.0,40.0,1250.0,600.0,600.0,2300.0,1350.0,273.0,370.0,345.0,1800000.0
100 Darter (S.L. Industries),Piston,180.0,177.0,136.0,33.0,40.0,900.0,800.0,600.0,2300.0,1300.0,273.0,370.0,525.0,1500000.0
TurboStream (Cessna 310 & 320 conv) 310hp,Piston,220.0,157.0,152.0,35.0,42.0,1250.0,600.0,650.0,2300.0,1280.0,264.0,356.0,530.0,1900000.0
100 Darter (S.L. Industries),Piston,210.0,157.0,143.0,35.0,42.0,1250.0,585.0,600.0,2100.0,1250.0,264.0,356.0,500.0,1800000.0
Rocket (Cessna 310 conversion),Piston,180.0,148.0,135.0,35.0,42.0,1000.0,700.0,600.0,2300.0,1250.0,270.0,356.0,525.0,1700000.0
305 Rocket,Piston,145.0,157.0,130.0,35.0,42.0,700.0,900.0,600.0,2100.0,1100.0,264.0,356.0,750.0,1200000.0
100 Darter (S.L. Industries),Piston,967.0,151.0,109.0,54.0,106.0,1400.0,1706.0,1600.0,9300.0,5500.0,374.0,696.0,713.0,2500000.0
100 Darter (S.L. Industries),Jet,2900.0,456.0,438.0,56.0,4260.0,3180.0,3950.0,2930.0,15780.0,9925.0,581.0,522.0,1530.0,4100000.0
"200 D Meyers (Prop Jets, Inc.)",Jet,2500.0,430.0,400.0,77.0,4260.0,3050.0,3850.0,2800.0,14630.0,9410.0,581.0,522.0,1513.0,4100000.0
100 Darter (S.L. Industries),Jet,2500.0,434.0,410.0,77.0,646.0,3000.0,4100.0,2700.0,13890.0,8300.0,580.0,521.0,1510.0,4100000.0
"200 Meyers (Prop Jets, Inc.)",Propjet,778.0,309.0,296.0,77.0,403.0,2200.0,2170.0,1880.0,11575.0,7650.0,473.0,470.0,1391.0,2975000.0
100 Darter (S.L. Industries),Propjet,727.0,322.0,313.0,73.0,403.0,2350.0,1800.0,1600.0,10470.0,7010.0,399.0,470.0,1600.0,3350000.0
100 Darter (S.L. Industries),Propjet,724.0,317.0,304.0,73.0,364.0,2840.0,1800.0,1600.0,10470.0,6864.0,399.0,470.0,1250.0,3220000.0
100 Darter (S.L. Industries),Propjet,776.0,296.0,283.0,77.0,364.0,2630.0,2170.0,1880.0,11575.0,7570.0,473.0,470.0,1200.0,2960000.0
100 Darter (S.L. Industries),Propjet,724.0,317.0,270.0,71.0,366.0,3100.0,1700.0,1490.0,9920.0,5920.0,399.0,470.0,1175.0,3320000.0
Sabre 75A,Propjet,724.0,300.0,265.0,73.0,366.0,2690.0,1870.0,1670.0,10800.0,6800.0,473.0,470.0,1150.0,3080000.0
100 Darter (S.L. Industries),Propjet,705.0,283.0,261.0,73.0,366.0,2590.0,1890.0,1670.0,10800.0,6700.0,473.0,470.0,1100.0,2700000.0
Sabre 65,Propjet,705.0,296.0,270.0,71.0,366.0,2875.0,1700.0,1320.0,9920.0,5790.0,399.0,470.0,1150.0,3040000.0
100 Darter (S.L. Industries),Propjet,605.0,261.0,169.0,64.0,285.0,2000.0,1600.0,1100.0,8930.0,5730.0,399.0,470.0,880.0,2600000.0
100 Darter (S.L. Industries),Piston,280.0,242.0,237.0,59.0,100.0,1380.0,1706.0,1525.0,3374.0,2370.0,321.0,437.0,1852.0,2500000.0
Sting Sport S3,Jet,280.0,242.0,175.0,56.0,89.0,1375.0,2100.0,2650.0,3368.0,2380.0,320.0,438.0,1275.0,2500000.0
108-3,Piston,270.0,236.0,223.0,58.0,96.0,1230.0,2050.0,2600.0,3368.0,2353.0,323.0,433.0,713.0,2500000.0
108-1,Piston,280.0,197.0,191.0,60.0,95.0,1200.0,1700.0,1600.0,3368.0,2200.0,321.0,433.0,900.0,2100000.0
GC-1B,Piston,217.0,161.0,169.0,57.0,61.0,1030.0,2550.0,1910.0,2900.0,2003.0,323.0,433.0,713.0,1930000.0
SA-160,Piston,310.0,217.0,200.0,60.0,92.0,1120.0,2079.0,1549.0,3680.0,2380.0,313.0,420.0,813.0,2400000.0
F-21B,Piston,310.0,197.0,170.0,59.0,100.0,1300.0,2600.0,2500.0,3380.0,2250.0,320.0,438.0,1450.0,2000000.0
100 Darter (S.L. Industries),Piston,220.0,213.0,197.0,60.0,80.0,1300.0,2000.0,2320.0,3100.0,2000.0,305.0,433.0,1100.0,2500000.0
P2006T,Piston,210.0,219.0,201.0,59.0,75.0,1080.0,2200.0,2300.0,2900.0,1800.0,305.0,433.0,980.0,2800000.0
A-36 Bonanza Prop Jet,Piston,200.0,178.0,171.0,54.0,64.0,1060.0,1700.0,1600.0,2740.0,1710.0,296.0,433.0,690.0,1860000.0
1000 Jet Prop,Piston,210.0,201.0,191.0,57.0,75.0,1080.0,2060.0,2280.0,2900.0,1800.0,305.0,433.0,980.0,2400000.0
100 Darter (S.L. Industries),Piston,200.0,175.0,170.0,53.0,64.0,1030.0,1550.0,1550.0,2740.0,1671.0,296.0,433.0,690.0,1880000.0
900 Jet Prop,Piston,200.0,161.0,156.0,54.0,64.0,1055.0,1385.0,1786.0,2740.0,1640.0,288.0,420.0,734.0,1880000.0
100 Darter (S.L. Industries),Piston,200.0,165.0,160.0,50.0,52.0,1125.0,1550.0,1550.0,2575.0,1600.0,278.0,420.0,601.0,2120000.0
"690A, Prop Jet (690 length=43/0 & height=14/11)",Piston,180.0,155.0,147.0,50.0,52.0,875.0,1250.0,1670.0,2525.0,1585.0,291.0,420.0,627.0,1700000.0
100 Darter (S.L. Industries),Piston,180.0,147.0,143.0,50.0,52.0,800.0,1395.0,1610.0,2575.0,1525.0,278.0,420.0,659.0,1650000.0
720 Alti-Cruiser,Piston,180.0,153.0,150.0,50.0,52.0,860.0,1395.0,1550.0,2575.0,1525.0,278.0,420.0,659.0,1950000.0
100 Darter (S.L. Industries),Piston,200.0,171.0,163.0,50.0,52.0,1110.0,1300.0,1365.0,2575.0,1575.0,278.0,420.0,601.0,1880000.0
685 pressurized,Piston,180.0,165.0,158.0,50.0,52.0,800.0,1250.0,1550.0,2575.0,1525.0,278.0,420.0,659.0,1720000.0
100 Darter (S.L. Industries),Piston,180.0,165.0,158.0,50.0,52.0,1150.0,1050.0,1100.0,2450.0,1525.0,278.0,420.0,745.0,1850000.0
680 W Turbo II Prop Jet,Piston,180.0,165.0,157.0,50.0,35.0,1150.0,1050.0,1100.0,2450.0,1440.0,277.0,420.0,513.0,2000000.0
100 Darter (S.L. Industries),Piston,150.0,149.0,143.0,50.0,35.0,900.0,1150.0,1100.0,2450.0,1415.0,277.0,420.0,655.0,1720000.0
680 FLP Pressurized Grand,Piston,180.0,128.0,117.0,50.0,52.0,740.0,1125.0,1100.0,2500.0,1455.0,278.0,420.0,715.0,1360000.0
100 Darter (S.L. Industries),Piston,90.0,103.0,96.0,40.0,24.0,835.0,953.0,1016.0,1450.0,950.0,248.0,360.0,484.0,1250000.0
680 FL Grand,Piston,90.0,112.0,108.0,39.0,24.0,640.0,1250.0,1350.0,1450.0,950.0,240.0,360.0,456.0,1730000.0
100 Darter (S.L. Industries),Piston,65.0,123.0,109.0,37.0,12.0,1000.0,1000.0,1000.0,850.0,575.0,211.0,313.0,713.0,1940000.0
100 Darter (S.L. Industries),Piston,285.0,177.0,166.0,48.0,40.0,1375.0,980.0,980.0,3315.0,2000.0,329.0,417.0,335.0,2150000.0
560 F,Piston,260.0,160.0,156.0,51.0,108.0,1150.0,980.0,980.0,3315.0,1925.0,329.0,413.0,1043.0,2050000.0
100 Darter (S.L. Industries),Piston,260.0,165.0,147.0,57.0,40.0,1110.0,1100.0,1100.0,2850.0,1950.0,327.0,399.0,340.0,1660000.0
560 A-HC,Piston,205.0,142.0,135.0,57.0,40.0,1050.0,900.0,1100.0,2750.0,1782.0,327.0,399.0,430.0,1560000.0
560,Propjet,850.0,400.0,169.0,90.0,2630.0,3000.0,2630.0,2650.0,10810.0,7200.0,567.0,552.0,1746.0,4100000.0
500 U,Propjet,1200.0,270.0,265.0,64.0,402.0,1680.0,2300.0,1830.0,9920.0,5732.0,567.0,639.0,2261.0,3000000.0
500 A,Propjet,1000.0,351.0,334.0,56.0,3819.0,3242.0,1930.0,2280.0,12050.0,7856.0,521.0,572.0,1879.0,4100000.0
100 Darter (S.L. Industries),Propjet,720.0,312.0,288.0,89.0,578.0,2380.0,2280.0,3043.0,11200.0,6837.0,521.0,572.0,1722.0,3584000.0
520,Propjet,720.0,290.0,275.0,87.0,390.0,2236.0,3230.0,3017.0,11200.0,6389.0,521.0,572.0,1515.0,3200000.0
2180,Propjet,620.0,275.0,270.0,77.0,382.0,1750.0,2940.0,2446.0,9474.0,5164.0,440.0,512.0,1336.0,3240000.0
2150A Kachina,Propjet,620.0,283.0,269.0,75.0,382.0,2710.0,1980.0,2480.0,9000.0,5018.0,416.0,512.0,1444.0,3160000.0
